error,index,datei,typ,titel,datum,ordner,absender,empfaenger,nummer,betrag,seiten,bytes
,0,Vollmer-brief-20240924.pdf,brief,Geschäftsbrief,24.09.2024,2024/09,Sonnentaler Landtechnik e.K.,Vollmer Elektrotechnik GmbH,AZ-41746,,1,3177
,2,Vollmer-lieferschein-20250511.pdf,lieferschein,Lieferschein,11.05.2025,2025/05,Elektro Ostrand GmbH,Vollmer Elektrotechnik GmbH,LS-2025-5592,,1,3007
,3,Scan_2023-10-09_1353.pdf,rundschreiben,Rundschreiben,09.10.2023,2023/10,Berufsgenossenschaft BGHM,Vollmer Elektrotechnik GmbH,AZ-32581,,1,2907
,4,FORMULAR-2026-77072.pdf,formular,Urlaubsantrag,02.02.2026,2026/02,Deutsche Rentenversicherung Nord,Vollmer Elektrotechnik GmbH,F-1624,,1,3039
,5,Scan_2025-07-27_1791.Pdf,rechnung,Rechnung,27.07.2025,2025/07,Müller & Söhne Spedition GmbH,Vollmer Elektrotechnik GmbH,RE-2025-4344,12921.25,1,4017
,6,Kopie von bestellung_233.pdf,bestellung,Bestellung,18.11.2024,2024/11,Bäckerei Sonnenschein e.K.,Vollmer Elektrotechnik GmbH,BE-2024-7047,8843.79,1,3542
,8,SCAN96033.PDF,mahnung,Mahnung Stufe 2,02.07.2024,2024/07,Gothaer Versicherung AG,Vollmer Elektrotechnik GmbH,RE-2024-2509,2132.67,1,3062
,9,SCAN52295.PDF,quittung,Quittung,18.01.2023,2023/01,Müller & Söhne Spedition GmbH,Vollmer Elektrotechnik GmbH,Q-4894,154.97,1,2670
,16,Scan_2024-06-26_9638.pdf,reklamation,Reklamation,26.06.2024,2024/06,Immobilien Küstenblick GmbH,Vollmer Elektrotechnik GmbH,LS-2024-1321,,1,2924
,22,auftragsbestaetigung August 2023 Vollmer.pdf,auftragsbestaetigung,Auftragsbestätigung,27.08.2023,2023/08,Garten- und Landschaftsbau Bertram,Vollmer Elektrotechnik GmbH,AB-2023-7333,9795.13,1,3522
,25,Dokument_97618.pdf,gutschrift,Gutschrift,04.02.2026,2026/02,Zollamt Rostock,Vollmer Elektrotechnik GmbH,RE-2026-6004,-93.71,1,3143
,28,protokoll_2024-2342_Vollmer.pdf,protokoll,Protokoll,23.01.2024,2024/01,Vollmer Elektrotechnik GmbH,Vollmer Elektrotechnik GmbH,AZ-89222,,1,3465
,29,0000030.pdf,angebot,Angebot,14.02.2026,2026/02,Physiotherapie am Stadtpark,Vollmer Elektrotechnik GmbH,AN-2026-443,13322.4,1,3790
,32,INVENTUR-2023-45681.pdf,inventur,Inventurliste,22.09.2023,2023/09,Vollmer Elektrotechnik GmbH,Vollmer Elektrotechnik GmbH,INV-2023-270,,4,11230
,51,VERTRAG-2025-29241.pdf,vertrag,Rahmenvertrag Lieferbeziehungen,26.08.2025,2025/08,Kfz-Werkstatt Grubmüller,Vollmer Elektrotechnik GmbH,AZ-54496,,4,7497
,54,lohnabrechnung_2023-8682_Vollmer.pdf,lohnabrechnung,Entgeltabrechnung,04.04.2023,2023/04,Steuerkanzlei Wendt & Kollegen,Vollmer Elektrotechnik GmbH,LO-2023-1138,1895.31,1,3187
,55,Vollmer-frachtbrief-20260611.pdf,frachtbrief,Frachtbrief,11.06.2026,2026/06,Müller & Söhne Spedition GmbH,Vollmer Elektrotechnik GmbH,LS-2026-3123,,1,3194
,80,574.pdf,steuerbescheid,Steuerbescheid,28.04.2025,2025/04,Finanzamt Rostock,Vollmer Elektrotechnik GmbH,UST-2025-11,8724.69,1,2798
,90,KONTOAUSZUG-2023-81384.pdf,kontoauszug,Kontoauszug,21.03.2023,2023/03,Sparkasse Vorpommern,Vollmer Elektrotechnik GmbH,KA-6986,,4,9791
,205,POLICE-2024-50854.pdf,police,Police Firmenrechtsschutz,27.08.2024,2024/08,Gothaer Versicherung AG,Vollmer Elektrotechnik GmbH,V-474749,1959.59,1,2956
,1,Kopie von brief_557.pdf,brief,Geschäftsbrief,12.09.2023,2023/09,Medizintechnik Pfeiffersberg AG,Vollmer Elektrotechnik GmbH,AZ-91098,,1,3420
,13,lieferschein January 2023 Vollmer.pdf,lieferschein,Lieferschein,22.01.2023,2023/01,Schreinerei Holzapfel GmbH & Co. KG,Vollmer Elektrotechnik GmbH,LS-2023-7932,,1,3743
,17,rundschreiben March 2025 Vollmer.pdf,rundschreiben,Rundschreiben,03.03.2025,2025/03,Berufsgenossenschaft BGHM,Vollmer Elektrotechnik GmbH,AZ-54126,,1,2749
,20,Scan_2023-09-07_8488.PDF,formular,Reisekostenabrechnung,07.09.2023,2023/09,Zollamt Rostock,Vollmer Elektrotechnik GmbH,F-1920,,1,2845
,7,rechnung-Tischlerei_&_Innenausb.Pdf,rechnung,Rechnung,20.10.2023,2023/10,Tischlerei & Innenausbau Sommer,Vollmer Elektrotechnik GmbH,RE-2023-5926,25043.69,1,3535
,15,2024-11-14_81 bestellung.pdf,bestellung,Bestellung,08.08.2025,2025/08,Immobilien Küstenblick GmbH,Vollmer Elektrotechnik GmbH,BE-2025-8231,9065.3,1,3461
,41,SCAN98949.PDF,mahnung,Mahnung Stufe 3,03.04.2023,2023/04,Baustoffe Ellenbogen KG,Vollmer Elektrotechnik GmbH,RE-2023-8708,7344.29,1,3287
,126,Scan_2024-06-21_9059.pdf,quittung,Quittung,21.06.2024,2024/06,Schreinerei Holzapfel GmbH & Co. KG,Vollmer Elektrotechnik GmbH,Q-1980,22.38,1,2525
,56,Scan_2026-05-14_3707.pdf,reklamation,Reklamation,14.05.2026,2026/05,Kath. Kirchengemeinde St. Kilian,Vollmer Elektrotechnik GmbH,LS-2026-4921,,1,3099
,42,img-20231010-835.pdf,auftragsbestaetigung,Auftragsbestätigung,10.10.2023,2023/10,Hausverwaltung Lehmann KG,Vollmer Elektrotechnik GmbH,AB-2023-1023,4432.57,1,3486
,44,gutschrift_2026-3568_Vollmer.pdf,gutschrift,Gutschrift,29.01.2026,2026/01,Sanitär & Heizung Kirchner GmbH,Vollmer Elektrotechnik GmbH,RE-2026-3568,-2010.12,1,3156
,31,Kopie von protokoll_020.pdf,protokoll,Protokoll,13.04.2024,2024/04,Vollmer Elektrotechnik GmbH,Vollmer Elektrotechnik GmbH,AZ-74142,,1,3100
,33,Scan_2023-04-03_9683.pdf,angebot,Angebot,03.04.2023,2023/04,Baustoffe Ellenbogen KG,Vollmer Elektrotechnik GmbH,AN-2023-514,4967.39,1,3309
,36,inventur_2024-7297_Vollmer.pdf,inventur,Inventurliste,06.12.2024,2024/12,Vollmer Elektrotechnik GmbH,Vollmer Elektrotechnik GmbH,INV-2024-511,,3,8354
,93,0000094.pdf,vertrag,Rahmenvertrag Lieferbeziehungen,06.04.2026,2026/04,Logistik Center Rotbach GmbH,Vollmer Elektrotechnik GmbH,AZ-84846,,4,7463
,77,Dokument_33984.pdf,lohnabrechnung,Entgeltabrechnung,19.04.2024,2024/04,Steuerkanzlei Wendt & Kollegen,Vollmer Elektrotechnik GmbH,LO-2024-1230,3145.71,1,3180
,97,Dokument_85946.pdf,frachtbrief,Frachtbrief,10.02.2024,2024/02,Logistik Center Rotbach GmbH,Vollmer Elektrotechnik GmbH,LS-2024-4439,,1,3137
,153,Dokument_9201.PDF,kontoauszug,Kontoauszug,14.11.2024,2024/11,Sparkasse Vorpommern,Vollmer Elektrotechnik GmbH,KA-1606,,5,12633
,235,Vollmer-police-20240510.pdf,police,Police Cyber-Versicherung,10.05.2024,2024/05,Gothaer Versicherung AG,Vollmer Elektrotechnik GmbH,V-235953,4004.95,1,2953
,11,img-20230525-060.pdf,brief,Geschäftsbrief,25.05.2023,2023/05,Sonnentaler Landtechnik e.K.,Vollmer Elektrotechnik GmbH,AZ-81998,,1,3120
,18,K43540_lieferschein_52.pdf,lieferschein,Lieferschein,04.05.2024,2024/05,Stadtwerke Grünberg AöR,Vollmer Elektrotechnik GmbH,LS-2024-7616,,1,3434
,46,2024-02-03_99 rundschreiben.pdf,rundschreiben,Rundschreiben,23.02.2026,2026/02,Berufsgenossenschaft BGHM,Vollmer Elektrotechnik GmbH,AZ-78743,,1,2773
,27,FORMULAR-2026-39062.pdf,formular,Urlaubsantrag,29.06.2026,2026/06,Berufsgenossenschaft BGHM,Vollmer Elektrotechnik GmbH,F-7917,,1,3211
,10,0000011.pdf,rechnung,Rechnung,12.10.2025,2025/10,Agentur für Arbeit Rostock,Vollmer Elektrotechnik GmbH,RE-2025-3868,9989.86,1,3543
,48,Kopie von bestellung_054.pdf,bestellung,Bestellung,07.03.2025,2025/03,Physiotherapie am Stadtpark,Vollmer Elektrotechnik GmbH,BE-2025-6215,1691.58,1,3084
,57,Vollmer-mahnung-20231101.pdf,mahnung,Mahnung Stufe 3,01.11.2023,2023/11,Agentur für Arbeit Rostock,Vollmer Elektrotechnik GmbH,RE-2023-2376,204.42,1,3140
,217,QUITTUNG-2023-15105.pdf,quittung,Quittung,15.10.2023,2023/10,Logistik Center Rotbach GmbH,Vollmer Elektrotechnik GmbH,Q-6466,107.92,1,2684
,131,Vollmer-reklamation-20231207.pdf,reklamation,Reklamation,07.12.2023,2023/12,Fitnessstudio PulsePoint GmbH,Vollmer Elektrotechnik GmbH,LS-2023-3363,,1,2897
,96,SCAN08564.PDF,auftragsbestaetigung,Auftragsbestätigung,04.05.2026,2026/05,Physiotherapie am Stadtpark,Vollmer Elektrotechnik GmbH,AB-2026-2415,11241.74,1,3470
,75,GUTSCHRIFT-2025-7953.pdf,gutschrift,Gutschrift,27.04.2025,2025/04,Tischlerei & Innenausbau Sommer,Vollmer Elektrotechnik GmbH,RE-2025-8533,-678.72,1,3206
